Rainfall,Temperature,River_Water_Level,Flood_Occurrence
4.645041271999773,24.86746422452032,6.5417460147407445,0
94.47657298824281,3.656582800108427,8.341445970006758,1
61.06200424416326,2.045169281564807,5.190322801295487,1
2.8782676313338973,12.330854094201142,2.9956567795387388,0
91.48459010681,3.8428723909860008,9.93255015422964,1
66.75577385210272,8.224819996794176,2.7140938044671437,1
83.5302495589238,24.539010723571867,9.791049380151545,1
76.36057941597608,11.74577094533488,4.226291970136091,1
35.33522280260528,20.046383956650487,4.9232548000118195,0
53.73956029379229,19.31712760623392,3.216699896595486,1
54.26960831582485,22.127469047666743,7.862781993840331,1
25.178229582536417,10.434276237065792,5.407937549855443,0
2.24693083201174,2.789719194693965,9.0194019674915,1
34.69532018962277,29.054663327831513,0.9539927731321063,1
12.758030279556376,28.108734690931882,4.16504431903879,1
75.78461104643691,21.576053348167914,0.5952470034777169,1
10.178247262040374,29.76474044469938,6.077521222527226,1
85.300945546736,18.49950943562214,1.1493299705956683,1
34.1817351697876,11.038222539062534,2.261253312496719,0
25.464065476376383,18.587638646934888,0.1755236336662891,0
97.58520794625346,26.129073712382567,3.9701504123719165,1
35.88304841235025,3.921311302205984,9.427243190941123,1
26.22640442998251,28.220377353460215,0.2519341395922936,1
18.485445552552704,0.6380823255116141,0.8172534574677826,0
29.314773026101328,18.47956350780537,5.390945527360087,0
73.1993941811405,26.18837507629225,9.062545805210366,1
61.81282404578958,28.887806257127394,0.8860471396967906,1
50.31362585800877,26.010944883673456,6.360960464095422,1
42.1424550592498,22.372013481936964,5.225101810855884,0
84.96473906774115,5.4344804860404095,7.404761319535192,1
39.85047343973734,22.28119563599943,9.417257116189251,1
36.09738969400268,22.54125258087137,1.3171502857909356,0
69.57486889846172,3.606271661118253,8.770905810181889,1
94.9520623657642,2.871436665604852,6.404760421758439,1
94.88855372533332,3.6170065733183643,9.72005329631537,1
17.052412368729154,17.88809635446159,5.653302545716099,0
50.26370931051921,6.898638176732586,0.4814283597835345,1
38.929561404197656,11.51498855799132,9.785254683891406,1
90.04180571633304,10.376491708588702,6.707323119058341,1
11.607264050691624,29.89001748170226,6.865899134926067,1
59.86584841970366,21.966746592286835,2.495461998495061,1
60.642905965958995,14.659295712139972,7.3990412076693035,1
4.521867010618941,5.873339570506383,6.265925110932102,0
92.24993811772957,0.3632542570466235,1.9010764978372763,1
51.630034830119534,21.422607963972833,0.8709276679577149,1
7.697990982879299,4.616877190195652,9.83521472715222,1
14.299168205283586,13.642195669015774,6.029428764794615,0
7.4044651734090365,20.389418480792095,4.512393441809881,0
31.09823217156622,28.34196066874231,5.387017979527142,1
46.55980181324602,2.6359949743450004,9.715326909010507,1
33.08980248526492,12.52742327354785,4.639313768123328,0
69.46964708544267,4.767245030080607,8.000034817636815,1
94.72833396118153,15.552240658356123,9.94819293965951,1
66.80851365706462,16.65254847906859,1.5159507480009937,1
75.08710677914974,18.5143495981209,6.458223862864843,1
27.993389694594285,6.57641962074133,3.093727178627821,0
15.041689110352818,27.8110363438892,7.227069576982284,1
29.44657595419177,26.585873413952235,7.418963269587151,1
89.45522268940914,18.58768012379522,8.16779466505636,1
15.599452033620265,19.763501001321522,7.593982624179637,1
81.45747202313821,18.716875088749156,4.7380982839794665,1
37.48705795237041,1.4463611658166808,2.0131210782243327,0
42.75410183585496,5.593147864327635,6.345824175503037,0
69.7015740995268,11.774806692200544,5.916971623063255,1
58.57755812734633,12.651627806203663,0.6644384435577488,1
86.17856210135173,3.951863203636857,2.8249606597285224,1
69.66508238768922,2.1377018329577577,9.811778367622946,1
11.816482762165625,4.9057161775506835,8.224223736682784,1
89.52068376871993,10.427145727169462,7.038570916343312,1
69.67371653641507,11.73244609955282,8.575623376612837,1
45.56567527857129,7.126323926229824,2.857835555258702,0
89.25589984899777,7.968001277661182,0.8346408498938329,1
20.78862551460273,16.6267954239605,1.2786680122241756,0
29.444889206958567,23.89611872928529,0.938572848233562,0
84.21189231357087,3.0426248534764957,3.587155254170135,1
70.80725777960456,14.682748909294215,4.875711936733843,1
72.59556788702393,29.204669075321906,4.6035827120192625,1
8.87025337570556,10.649889174958119,3.1758679526111666,0
62.329812682755794,2.6823300693677856,0.6520459126049205,1
34.56959935039195,19.116044304248412,7.931428739967394,1
12.887972191064922,12.129563043128764,6.826172212234024,0
56.51331835892089,2.162530079960201,6.223432646172461,1
17.711067940704893,5.565765471093634,2.395101699095381,0
3.050024993904943,11.907698286047882,6.107800710757683,0
69.18951976926932,13.541610729890264,8.049067768414385,1
96.50269106665125,20.851056865756597,9.741944438163571,1
57.5474177875879,17.770509857800867,1.4213712379345766,1
8.350071669866876,20.497440848689376,3.424479788347133,0
39.30977246667604,8.2264560704601,5.983574842977588,0
60.051686043365336,2.658012890388517,8.275063198732212,1
13.688563006880727,13.205969938664717,5.138544642067677,0
93.21182824836124,21.48970164188047,0.7308156202701499,1
53.60963663441204,14.375456328891929,7.645277946547177,1
96.21725484745419,29.982411773119996,6.2066047982458405,1
45.825289049151664,18.688997506904485,2.9504070765415626,0
22.359583851945263,26.122603510117774,4.7554603748682664,1
27.230732651936897,24.149669990423092,1.6732130400106038,0
35.09150125520787,19.17359813446501,3.139667173773528,0
86.61761457749351,25.47586954695958,7.767105569551812,1
24.20552715115004,22.581499186729236,2.3987411275594472,0
60.617463445088006,3.206307692842315,7.661159327955862,1
8.483771408519193,29.097361383218114,5.537114853580112,1
45.454106476777326,16.334672938825488,9.440420938253979,1
9.120610304869036,1.247185771511763,7.562136139501768,1
72.00365365460743,7.6401186613815355,4.455416387418909,1
59.74131021703083,13.020580985216258,9.32924862569672,1
4.600264202175275,29.243794864403494,1.1448763806590512,1
14.707348092903793,0.7091575813900919,9.78981115174809,1
17.16792858483035,20.294038116790865,7.093208284726096,1
43.747492202372904,2.8660594150400454,2.810044989087136,0
89.67884099060119,21.730164513862235,1.4287596133941172,1
81.29010091300776,9.33923097468011,6.768212988573956,1
98.0032575285477,11.72717987716544,8.886590802653986,1
80.98744458546349,6.481145475287988,2.6558283295860607,1
37.62595855309158,28.3384265842207,0.5764758219902488,1
90.6354385094736,17.11829239916489,3.4727703903050755,1
89.20465551771133,29.51932943879485,2.972378077086172,1
65.8693631618945,13.158462575687714,6.125734683448192,1
20.162732004774455,24.419108085180564,2.4660363497802464,0
65.19612595026005,4.9087146357500755,0.180065556004545,1
11.586905952512971,28.49883551850676,7.7201247630999035,1
5.147875124998935,25.51745187282726,4.942124472502999,1
54.06351216101065,1.5591385095441723,5.126677259564164,1
3.66832028905979,2.9002934894015886,4.938140404569287,0
72.22525683930662,13.128093721661758,1.6574977982015593,1
91.09271844938425,17.40517107681997,8.539619669554222,1
17.320186991001517,26.048175162251415,0.8018001408190345,1
90.11580104909889,10.993846046141936,9.809873781626852,1
59.56387406078443,1.8404888133200448,5.179605277125789,1
33.7615171403628,6.6054960584943405,5.2739962212267635,0
13.441467693897424,15.184255885207323,0.16947664889580993,0
7.845638134226595,26.84449968181583,8.742225246851758,1
6.6496267366777495,9.098254427027866,7.803761235709804,1
25.243694434402077,13.511128087745554,3.8764880545564706,0
37.454011884736246,5.553987865158589,2.6170568373590597,0
40.89529444142699,15.792079828083397,2.747315255195195,0
32.235384497472296,19.224789440706186,1.2020722912057624,0
67.15731955927996,16.506796264687853,4.075430310324308,1
64.39995432390158,15.17558078855487,8.925582274864745,1
99.66368370739053,21.484520226695807,2.9461939634619316,1
55.38542844013208,22.868554043298474,7.90509794274885,1
32.00496010306117,19.914135828654153,6.7712063973500936,0
51.2093058299281,18.954405810500052,1.7488143717595939,1
42.71077886262563,16.52572111827418,6.67919998803627,0
34.08035402530179,10.110095292938588,8.900970351838083,1
79.15790437258485,9.484683149302516,1.6002493646319405,1
55.190683877448556,24.575665782803707,8.082352100092221,1
58.304156096969216,1.059340648207172,4.165658284822921,1
11.959424593830171,28.28195322405377,7.756118509253275,1
57.651647551425356,2.3117483740299347,0.42422298206891695,1
11.347352124058908,10.256164981160582,2.126443763710961,0
51.13423988609378,14.415208417734869,9.505310525862035,1
20.498429541582098,21.992138880890245,8.75883083517057,1
98.68869366005173,8.617169749622452,3.302150648714975,1
3.7348188749214417,3.9814726212918106,2.806832155159743,0
22.210781047073024,14.876272052363124,0.1260751997575904,0
5.16817211686077,0.9475843447692611,8.025856795798129,1
5.755876001664428,29.598903688765407,2.8924477197265452,1
55.43540525114007,5.463537470660978,8.211982825502265,1
28.484049437746762,8.01084810508264,4.7116789893281465,0
49.442030470258146,4.450296028862666,4.585230088818907,0
45.913575623826134,6.958412883479262,1.2292067846538757,0
32.320293202075526,2.2839257847090053,8.902580530178021,1
77.71469159274368,14.915242920252819,2.7024769213078326,1
9.02897700544083,4.822796881449246,4.712871673981645,0
59.24145688620425,9.573014197297669,2.565300624442478,1
39.72872905603673,28.66004059511785,4.596648704026612,1
63.31014572732679,18.627465533024314,5.6044063098044,1
75.06147516408583,29.09463135235634,7.055858626438246,1
20.990559309558577,25.84109989090308,1.9159294573482577,1
59.08929431882418,8.611143995247383,3.25104015431699,1
98.99602323899452,3.1699405278523174,8.071555373648826,1
96.24472949421113,24.740428977754476,8.19063513861656,1
22.649577519793795,7.794107431924794,8.557372589057863,1
5.8083612168199465,20.768296935535574,4.4973984245054,0
89.95745732745685,14.440324549059708,7.813218557473051,1
96.9302535619099,23.934409465759035,1.248208139668483,1
81.54614284548342,0.5362180420024143,8.778300781520409,1
59.02949425148078,9.168126464706447,2.304166621173499,1
92.08418826173724,0.6283488309273844,1.6269974380856589,1
64.54722959071678,29.045802837441652,0.7896916219082861,1
3.6886947354532795,26.35889959065474,8.216368977104716,1
50.5888678884466,15.366657624380235,5.695397795671036,1
19.52429877980445,19.55000476127655,6.678046832264065,0
65.76128923003434,28.52590686751231,7.036859774607958,1
79.98552559473153,10.664790313240722,1.8161396775660266,1
69.81617140197451,15.572453554086541,8.27518922106303,1
11.98653673336828,2.431386477229438,5.597556836383825,0
79.94158789689793,22.96538696973329,1.7925561190779005,1
79.72953657795536,23.607101587658853,5.465771420322949,1
65.99840460341791,28.116854617093534,9.383048184484826,1
49.51769101112702,23.721694945168906,5.612227882825249,0
28.863055324025577,0.7743572084846095,6.775422674589532,0
22.879816549162246,20.880618541613767,2.769044873778089,0
12.804583895777244,12.845988447768443,2.419316803155296,0
8.84925020519195,23.015648667933807,4.622955610006072,0
89.55232284962005,14.238926272494417,6.057792494526904,1
37.427079575612034,20.178063546753787,7.6190181260487,1
53.34610919763215,14.635621317790873,8.901411373960146,1
13.68186309189614,2.0687404906926354,3.0978785920909924,0
45.606998421703594,28.32799467340302,4.187933190741614,1
86.85991281894603,12.207238821686119,0.3945953289089932,1
12.915941515149498,15.754901510011805,7.689227821076409,1
99.97176732861305,18.31001349932755,8.28469299449117,1
80.62012797930613,16.733502521100746,8.427119021605549,1
11.483682473920354,11.026032668745943,9.634992408875883,1
26.867735938494608,17.646068008451714,8.066935196947393,1
47.41738290873252,2.1659522693752753,1.2102500048519305,0
77.51328233611146,15.86811402081636,4.8469628713004695,1
82.2537242923169,16.008076401806353,4.391498166337483,1
37.64633668780496,19.42424142463809,0.1911609442976403,0
86.84679758979128,20.868544394904205,3.252951340230311,1
54.27244433475962,27.052859764062706,8.436496640518238,1
87.73730719279554,0.34861619724301907,6.07089578718754,1
39.90027038701302,23.07669443514401,0.12103116776107425,0
76.02278598896865,4.560745593859443,7.731418739186715,1
17.088758739006582,19.22916232035996,0.14693388654953843,0
14.085702037979985,17.472679746217395,1.1850262359815156,0
98.72761293149445,7.304468897288978,6.877220424305607,1
75.33781852589416,25.143458689443307,1.9462383670487193,1
43.194501864211574,27.464648927641257,0.218233967754895,1
92.95291442478259,29.845989515093013,2.9980052756523587,1
62.75580800840635,0.17275981494364712,1.4879596940511564,1
90.41586944937484,18.71577974029719,8.034827432968846,1
10.112267612279025,20.00592772638313,2.8840543781874572,0
90.53506419560637,27.27097561996923,5.586423964504253,1
6.355835028602364,26.37354922686494,9.092202058615602,1
27.134903177389592,29.522504075978855,5.125026487703317,1
26.924323094938096,29.774505064751256,9.50772707731338,1
86.70723185801037,23.395529666800496,4.876670686212644,1
3.5942273796742086,15.531349301541344,2.7681430779130576,0
38.816992620652194,27.370900368500727,0.11706610730904066,1
7.056874740042984,14.600068242741086,7.239730554660938,1
1.1353644767419069,20.685802530946834,4.4404374920220295,0
70.19668772577033,4.274866287045397,6.341040313763314,1
83.24426408004217,28.321780190598396,9.06437453344411,1
92.46936182785628,18.978656794018445,0.3318935456242622,1
19.579113478929642,5.390493266107259,3.4316735317265823,0
67.18927435987284,26.19968747582423,8.550302016199351,1
92.08724005318132,20.084608655945704,1.0189238806601353,1
36.77158030594335,28.308477605027967,2.41893828258839,1
39.65427823212701,22.106212348325464,3.21495701247882,0
66.36711653626482,0.7257529167406573,3.8051770986989455,1
74.54394741843299,10.804092224145572,0.523550201874724,1
35.81627180328405,14.506369401597741,4.876278096672109,0
49.26180939928696,17.834290055585193,5.030839507798364,0
53.211348526531566,23.863498823691877,1.6695308874719872,1
69.09377381024659,23.395361854534308,2.792760884544104,1
15.285913918433202,25.542748732352873,2.953014775718328,1
52.451138957025464,24.177762003528635,1.992152748940531,1
24.014561877819308,4.093192576701994,6.2478386278940246,0
40.87341710980964,25.221090840336,4.194479939573136,1
77.64129607419969,15.59321845668053,1.4259414408190874,1
53.57746840747585,22.30524768874823,8.4144755308476,1
96.36199770892529,27.625435434470607,5.989785081772105,1
10.717201133977605,27.815334584383578,7.130460506343187,1
17.85446620543336,13.846724232593697,9.407845205031078,1
28.50951686938471,24.52349125473575,3.1562734376334998,0
31.89756302937613,26.122497038175343,2.753811742554185,1
95.06071469375561,8.092488345509688,4.855896996593978,1
70.68573438476172,29.631671692080946,8.795818549515293,1
80.8120379564417,16.109232686802407,8.939897100078705,1
19.228901880867078,2.569747487892916,2.842740929275167,0
60.31521094663882,12.297146690888647,3.453419522448878,1
99.05051420006733,7.081513900393919,3.7455288702012135,1
90.7566473926093,29.847234679393058,7.9326135043825445,1
63.34037565104234,17.788198045251093,6.542925523249618,1
32.8664545369916,3.663297420300804,0.38996012574911587,0
46.86931597949703,7.7032970316152385,2.7875987241455302,0
46.86606419941263,20.295401573317395,6.262343214210638,0
9.128667678613356,26.04813841539776,4.540016211961149,1
76.07850486168974,18.232103846365774,2.037664591276891,1
13.935607407282413,17.399513622843937,5.906378339946378,0
47.22149251619493,6.950151041503302,3.8042000750756233,0
85.54605840110072,5.986273527874354,4.562365089555421,1
24.640203323910683,13.105521078455386,7.184539473225501,1
48.743119824951364,0.09654790812836045,7.126213330985128,1
52.56901823026858,18.104629997893646,5.444969591038651,1
46.077876803272574,15.57179372724811,5.111291392372298,0
34.56672833238632,3.1232894815249903,5.201698923107512,0
79.94103989090426,19.526321071415826,0.03819922658583108,1
77.0967179954561,6.920094351532761,2.8713795808457556,1
96.99098521619943,29.63004023989941,0.6265320345535452,1
85.84127518430118,12.926625709854179,1.5445974722332378,1
55.543170560262745,8.178720022006013,0.14315277667059978,1
90.9320402078782,18.776741293110273,1.1476887186921747,1
3.4388521115218396,9.562575087962097,5.233909113743664,0
24.773098950115745,14.945871493594169,0.5113538144210072,0
18.651851039985424,15.224032012825086,1.2626474156450274,0
7.773463696498483,13.90482131401717,8.655771456245523,1
71.59722288473975,17.710430713763188,4.975398521461022,1
17.231987120162984,2.382581069669598,4.966954228179466,0
62.00727559285135,28.787299329631,4.699882681579366,1
3.142918568673425,1.735280296901891,9.150900684070432,1
44.1530501373377,0.14819942803228847,1.161389602005256,0
93.67299887367345,22.830837075060842,6.9415057350983105,1
81.27995672575025,26.044267631325162,4.404413503124241,1
29.321077169806454,1.1803062200552894,3.8420671298580023,0
37.330931627975296,24.53355989570835,8.940943025332507,1
1.9710537754364155,19.088740619377443,2.0707580921085524,0
81.707207094928,10.382991796133567,2.675926767279715,1
38.67353463005374,3.209419164808752,6.428819100587076,0
93.07573256035647,24.866500976478285,3.458774607378574,1
26.806364082287626,26.299522854846018,0.01473822086311416,1
61.14542354346478,20.4068333762506,2.595417831760903,1
8.279866792512646,3.5500857277016196,1.9524060295649204,0
92.93759891275857,3.9757401822554526,3.3734554676909267,1
87.74720135270529,7.744002981033827,4.309852205132962,1
51.89177052828376,19.276955986055746,7.289810616558165,1
93.98321236134751,6.456056160517125,6.74130295536063,1
69.6029796674973,14.747836402243106,4.304274103209902,1
45.05441353100935,5.443150430868808,7.53427922256969,1
4.072880231897013,19.509770590408106,3.838388830449795,0
18.34045098534338,27.757449522469976,4.110956026007066,1
95.48652806631941,29.275957674573938,8.237903842212948,1
89.38925830509577,3.292085960325105,7.077213502675274,1
9.367476782809248,12.970044031278057,0.9653447019544081,0
13.752094414599325,16.23799736028331,5.126547531450529,0
7.513778173580876,14.489066162560656,8.171281420155852,1
29.214464853521815,27.73188586129591,9.368224620330919,1
2.6511310541621813,27.021055920337755,9.024533072858418,1
24.595772838450813,6.255315430720074,1.3660090365117261,0
45.32888347480276,19.684855130432144,2.8247874397702666,0
49.16158751168324,7.73048665533641,7.511780478084181,1
76.15106317174723,15.467880857377507,8.267073597414875,1
85.21815003185401,18.048354604389935,1.1099809879131484,1
17.63869865062233,22.442195382885963,2.8888493890916567,0
89.85541885270793,9.708306574486237,0.4202467517140529,1
71.33495858845524,22.684899866857382,6.327118787486009,1
56.127719756949624,15.380655330495257,5.233296311947413,1
75.5137255673619,25.19583908600161,0.7686207527616351,1
7.455064367977082,10.638664729223295,1.647063534322959,0
37.0472102791382,16.868904476337296,4.338174195765295,0
57.8280140996174,9.793839247319756,1.4002409755331768,1
14.866272775311295,28.292275132341228,5.771225860383208,1
8.410680611499743,4.1895376426893876,9.61135485407593,1
48.9452760277563,20.404223152809013,8.259782127080818,1
72.90071680409874,12.83319401207587,8.70578425046007,1
16.426579793099293,9.18760862359835,7.4744440659669396,1
98.6001063822871,20.778778566784936,2.5933489731709445,1
52.965057835600646,9.028907008404488,7.884473432532987,1
81.01133946791808,25.803671915676137,3.8451132764481253,1
28.07723624408558,25.930747495189113,8.923024981396523,1
28.096318959223034,20.864016200695865,8.635475225145452,1
18.657005888603585,26.32382587891141,6.15298025069802,1
82.97418037072016,21.230428042227473,7.144241640712422,1
93.27284833540132,28.665710878648042,4.483190553694222,1
91.98556164127605,15.90906399747475,8.48042089601484,1
64.08747448032146,29.73767981106565,8.039585075525203,1
81.80147659224932,2.609602797342304,6.346712732539414,1
80.36720768991145,2.744605121932646,4.40323418368349,1
89.11431136980711,12.12420964953099,7.221432354559059,1
24.240973241508023,4.391219764867474,4.640951594535039,0
19.59828624191452,12.057927408277266,4.1176554158450855,0
44.07627469382282,16.35080756690815,5.816222929891936,0
62.4148907849134,29.89003012881742,7.293447940879964,1
6.9361300875165455,7.126299747716329,7.29173487549448,1
35.94911512197552,18.000616443579112,2.374334683748063,0
31.171107608941096,6.988784242609013,0.6766836190000158,0
62.58599157142364,1.2032757423744744,0.10131184027743378,1
34.92095746126609,26.14610418457129,4.470555438064254,1
44.600577295795574,8.465612240796004,8.714140341908543,1
49.83677727394797,24.353093642704128,3.9783662550215695,0
39.244510742263536,13.493539464639676,9.913279015642205,1
51.832965236373674,13.656604472454037,4.433800143791878,1
37.06421470668909,13.312506579137134,8.336499619375855,1
98.23786169086064,9.140374172941224,2.8740959646557975,1
72.60913337226616,21.27181558352749,9.317537194328164,1
47.34717707805657,13.878688702179488,0.7100766453325547,0
71.90459051842456,5.5342875940091805,7.270567616153901,1
27.864646423661142,26.01882602879407,8.282492524372184,1
22.793516254194166,19.65725941917065,9.841103190364977,1
58.339179476612046,19.10009046501622,9.606269755131997,1
96.95846277645586,26.24105018052598,4.583006415286564,1
16.29344270814297,21.757729812454095,8.736985934663451,1
54.16342146608669,14.429186696583713,9.848584027624758,1
49.72485058923854,20.340484576771907,7.102427986233115,1
1.2154474689816341,17.010487829600034,2.277497361032096,0
75.45428740846823,21.203316506563375,6.369023174547433,1
36.891363956977244,20.700146724619973,9.640784164901081,1
54.92266647061205,7.413097020304393,9.07611002556555,1
29.122914019804192,1.0183793575739652,6.637896861755891,0
11.323804584075525,2.9518694914019195,7.18331175372004,1
15.33514031160802,4.50507002451125,7.117228057460487,1
45.08393714041321,5.22328006002253,4.7690010646797,0
1.083765148029836,24.170104588501594,2.178925542549901,0
24.734810174319765,20.433535618949485,1.428502873008386,0
18.45210193563773,13.956168368511545,7.889324717760072,1
68.42330265121569,1.960690223968271,2.2531692995123507,1
17.436642900499145,16.199561391475665,8.3704112524294,1
92.83185625877253,18.786609648942463,5.214456890435894,1
73.75012481097484,23.961425749637236,4.287020209864336,1
16.06813732595557,27.91785643931749,6.516397604772766,1
13.927207266338726,29.276212647301612,9.174858431319903,1
56.48411332626164,25.259956586701847,0.3601881829142639,1
98.56504541106007,18.558341346455528,1.0063747852353333,1
54.26446347075766,10.518807936275422,3.3134700710305074,1
17.70104842767468,6.799692066809641,7.486452341262,1
34.82554670233004,13.553030362116873,9.29228053631854,1
50.27203900924791,0.3309379328594164,1.4080294889267608,1
52.475643163223786,17.038356916578884,8.998333456872725,1
86.07305832563435,12.253596392120961,1.65954895295785,1
66.01973767177313,26.15350699776605,6.079052140907038,1
55.68012624583501,12.90917684698388,5.717723520483222,1
36.30822963986351,9.165729319740706,8.503480011198954,1
28.869373677069987,17.156168136815594,8.565372237479268,1
9.310276780589922,2.020518044063151,2.60286857566003,0
87.14605901877177,17.402586235134336,1.5210428322227287,1
6.107795985486375,29.824180836635026,3.6023391880042785,1
20.63337184057925,2.028376907766447,0.46851908527603126,0
34.10663510502585,28.88976011576984,3.053106766967313,1
53.1354631568148,28.086367387310695,5.720486433693008,1
78.85972112245308,16.43878466921079,0.6220322616470275,1
47.15761885501584,23.422847582053194,3.480955931682881,0
74.11206492900591,3.0313743303194007,4.579957590035715,1
55.67628930139298,25.860434468178678,0.19327630917601035,1
59.68428489168892,25.25800700375426,9.70257109726057,1
81.0553330781833,26.94091646849961,4.768434683178171,1
72.81887562036033,4.004399172478314,5.464303160778473,1
66.2522284353982,18.475895645469137,7.228143032084837,1
37.96924081672669,4.46664150997334,3.0394251225502735,0
76.16196153287176,26.426122775967855,3.4794141158216663,1
74.99604703991778,24.47840816905852,2.403989128935069,1
1.6587828927856152,29.435585340822705,0.6964114816240574,1
30.42422429595377,5.417260353820006,3.4734332625884266,0
41.82430362906189,21.543692286794833,8.834647629860607,1
54.67102793432797,26.102966217027898,5.4353821734264605,1
93.6829739324758,24.950911310273202,1.63035336931591,1
27.4055220687206,1.756527877319376,2.6532613755546697,0
2.6366974497252005,0.2268862493442636,9.263826067300867,1
17.53712786234496,17.946758821912166,7.143266357349976,1
62.93986381352625,24.535026485250647,2.7576756825135695,1
9.3981939840869,0.2931254225755098,0.45648745502383736,0
12.429722348554472,29.510367757902408,8.470608269838994,1
65.89239419101514,15.250816407488399,2.0468010905728393,1
24.398964337908357,19.155778429922567,4.687679654645058,0
19.967378215835975,25.861279529679404,7.3082096498072975,1
41.87705248920731,29.95042534178849,9.209945210965758,1
82.18600592903562,21.1404228820994,3.403871042545057,1
66.50366745462554,6.618358581336338,6.972093819096368,1
94.14648087765252,21.99339067245843,5.771998867345508,1
63.11386259972629,12.28002018945129,2.9991911150698467,1
9.767211400638388,21.743003145862843,1.5124682873493456,0
35.567271646494916,17.633080825865946,7.011698615902597,1
7.118864846022898,7.416932232095311,6.729666223944324,0
96.32225394406113,23.471564521748203,5.4302458395766315,1
29.7121715623175,10.867063249568652,5.6207279440257105,0
6.7076477388427485,8.577203677174804,6.566310737078761,0
6.337497047276774,13.185350658987304,7.701582117570959,1
66.35373720167107,12.96230648832588,7.542649733470227,1
33.90297910487007,1.3722610143753855,1.1098946921348107,0
20.513964048200716,27.567796009186633,1.018036829495369,1
40.0763060875326,29.540092185735247,4.366141897687661,1
81.37950197069486,10.237434828784691,9.56047143611933,1
47.60504021990997,0.7859012559619438,4.962587528823615,0
22.460482293998197,29.39910988076552,4.80890146603009,1
25.824438829895836,16.4009223814221,6.478174459905284,0
56.64046402968972,10.035338662257963,9.47090667108519,1
63.35297107608947,10.053565627774256,3.523749466096544,1
25.94234334312925,9.807948490142373,3.0419871963628085,0
14.48948720912231,20.924143850078508,7.120140203307807,1
15.253904291426135,22.12525078377021,9.078987937796194,1
59.023066686908706,4.060622468330566,3.965536819899632,1
79.4025189270296,24.046113356489688,2.905045056714204,1
16.122128725400444,6.73321715509982,2.0201566840249,0
97.30105547524455,11.927831938883829,3.0126526076000038,1
76.94929331919369,18.187588132529324,4.928645844474467,1
50.85706911647028,27.83256849585639,6.958991181688025,1
78.96181427945538,15.217044260651774,0.23352096328185912,1
75.237452943768,28.016250525837147,3.879867599468695,1
11.689804070836407,16.05930394357775,3.881657061269955,0
7.586332810866391,20.854336621427812,0.7177580622651303,0
69.39484444671,1.15279046886975,0.49979028659678737,1
8.023374566164222,26.041700703223512,7.132068832826177,1
53.93422419156507,3.885447638484125,8.824163684073387,1
89.48273504276489,23.96349707320996,9.456981470002823,1
23.95618906669724,25.110399850910163,1.737615931357438,1
82.64574661077417,22.092060451969214,3.1121749506339356,1
1.0995828658480478,15.518071693248281,1.0251596406647445,0
66.35017691080559,13.37708119130245,8.583416767991208,1
64.59172413316013,11.909445512228503,2.1199405469865806,1
96.10703174694551,18.388187474835764,9.509285945025484,1
24.848913981446575,2.942477423527338,6.309217902291634,0
60.11150117432088,7.490040265775578,0.6536615756438524,1
92.55685129067763,5.555867036024038,1.616714362369619,1
30.46137691733707,10.196248913041984,1.1409578488793337,0
42.42220092469763,26.067149534361548,5.577088262500439,1
53.71065418185478,9.093850678359859,3.6870717086479523,1
31.692200515627768,3.7555737660765134,8.292867993167555,1
63.742990149820656,16.238890059032116,2.9348882320812164,1
38.38912213732114,0.5757683046917006,5.782983994203606,0
78.3653012741143,5.040426232345903,9.061110021324971,1
48.45229851910213,28.728758535161408,9.09943143854392,1
66.51972206962002,15.811243917349548,0.5784444944716061,1
85.56964681062857,12.044829475838647,6.936180574737953,1
14.008401523652402,9.310858767707213,8.925232899548462,1
3.9312139841098936,26.402372626843746,8.393384923560024,1
21.582102749684317,3.137035210032008,0.3672136250082114,0
63.183721216979926,15.935085840030961,5.054551179104499,1
90.82658859666537,21.250889301451043,3.3520804737087273,1
46.20058036441327,1.9995612168206989,9.514298103618323,1
2.007119777772637,16.19871390841679,2.9805220863944317,0
24.317219099945408,29.754298540480903,8.35825927910516,1
52.01635011119934,28.54210026619971,3.488205339694793,1
65.27461078518748,0.2799485948127989,5.069204379618347,1
95.04114840765587,11.656743038110372,5.887315221313198,1
50.26790232288615,19.753555039752765,3.577982653254418,1
60.956433397989684,23.922780648207844,4.592651971732139,1
93.83404568210378,4.267481060615886,8.985606046748394,1
83.4930236799299,16.844537638785713,6.610142542473203,1
37.69444294249076,12.42389257586781,0.7560504061675077,0
57.077830466891186,13.41607621514507,6.573534821701285,1
37.46126146264712,29.629486912081735,5.9366079120853845,1
58.336876509715964,19.73535913809108,5.693773611822827,1
73.78969166957685,10.106873753133206,9.550605114849889,1
81.72222002012158,20.636571669024402,8.71204482263052,1
11.005192452767677,24.285482241746344,4.177609792750997,0
89.80542894407138,25.39543016070834,9.182390866754371,1
50.34172708548569,7.011362457312991,7.069764874557162,1
30.087830981676966,16.97195891987373,3.1435011318374837,0
16.628336875607943,19.08532094124698,2.74071589342191,0
89.71102599525771,29.066335658570743,8.645636095226699,1
69.03948286293652,16.200357438135317,0.6268962162186587,1
79.57926694361011,14.966644603540683,0.7093221613377343,1
36.019064141126286,20.683949074117972,5.16572628445979,0
10.31238688359326,5.011257237028496,3.406041665812917,0
31.800347497186387,25.86382851796352,9.671266152591704,1
87.7339353380981,27.960843165300524,3.039464012407238,1
16.162871409461378,0.6637065458699176,4.225484283119446,0
70.62422271564962,6.055603563688451,5.414076073475852,1
42.81841483173143,3.937346330471627,0.6364090928664234,0
44.84455219783198,28.098170768848846,9.640174071177023,1
98.44021807035521,16.819802832485127,0.7845581631712395,1
56.98896848713165,9.7402778067018,9.579341210567705,1
81.7443561738441,28.742204403581407,9.730781629723328,1
41.89254495045479,19.69435821994508,9.195310246560497,1
23.81827810467265,7.400365935648691,4.094120718170183,0
51.07473025775657,7.792613512809786,4.2748968792061515,1
24.247050363472965,4.572480399912523,7.61037790250783,1
50.525237244785714,1.1001428080062892,4.096288948952321,1
18.159771680142565,19.78061766617348,8.53784921704667,1
11.063173695520723,13.7834030521796,0.7623921797356448,0
87.72005408131082,26.598126457214,7.851895431484084,1
40.941165219124045,11.04928591520545,9.668454997992853,1
84.9223410494178,8.19778580994628,1.1258039041193701,1
32.20791655831783,25.26099883129264,1.0536492225085647,1
43.61265291353167,21.66212814608211,6.630471918034225,0
62.770805307141785,0.3636232393167982,2.5990497924283282,1
93.43670147690149,19.841118332112433,7.573102071344389,1
14.011317576645254,12.378655225458711,3.0293090564042924,0
61.825477153029595,5.259088270729789,3.7731805396319285,1
2.538635566034486,21.98404634298752,7.803655030068817,1
15.167487973275119,13.631320036798826,1.4730304427897034,0
28.203457257130648,23.20419377059802,3.711724234376276,0
73.25720972102503,8.192124299184373,7.86205652261058,1
72.571950838836,22.94649784626385,8.930902051954149,1
70.24840839871092,14.398165041513705,7.026337730855163,1
33.519724164590095,11.458189189586877,3.570293439700122,0
98.66395785011754,2.8170214736825514,5.41704812410004,1
58.365611185087204,18.584710380288435,5.772790292331313,1
92.96976523425731,6.714528444678693,1.8422483923802613,1
42.54364386164168,15.076982293903272,5.951316749056815,0
57.69038846263591,6.3931411207524995,9.028949951919872,1
94.61154621336327,21.779397299558866,3.530503916003024,1
36.42698610480755,24.010695234670848,2.761695578208995,0
89.67654246264252,26.339229613352085,3.9513090761150327,1
68.30067734163569,14.768335693441044,4.299310773901482,1
77.09122037458219,24.079299293871312,2.349734049959528,1
17.803596686975144,13.182149690833565,9.184264321454087,1
49.25176938188639,0.9340224865353408,8.522638743911815,1
90.84505613336283,26.85353222119609,2.419771303170454,1
11.203890216805235,2.4275784915375653,3.677859877561529,0
17.329432007084577,21.947685652659956,3.945760755976464,0
78.91712386073382,23.46084263011158,4.327291360197046,1
31.93136375904149,6.175236301103047,6.88274235780237,0
1.3001923510736035,10.661537060572183,4.252281854376939,0
68.15027222239293,19.5060327719446,2.933086107805647,1
94.02302414249576,8.304833917051548,5.3396747254776376,1
57.0061170089365,1.9262681122540226,3.169465877911193,1
23.22126951468173,12.484619945392845,6.224136415659967,0
74.74709381337566,16.074830534192436,6.870192665032428,1
51.167744211566614,19.94735173461654,0.04363269650309087,1
37.5582952639944,16.789460504607423,4.724933550065136,0
84.48753109694546,13.359157650079965,3.063134987782127,1
73.50710438038858,19.702099936238767,3.188668183211388,1
26.520236768172545,12.591819507783669,0.1240403627731479,0
91.44119459249598,22.069893427175696,4.617161438131191,1
86.98963620621282,2.4651500242928206,5.650853124527563,1
4.315991195057611,26.355466839040435,9.09454610937242,1
4.530400977204452,11.13116288953808,3.6191999083786497,0
16.26169393448913,11.964683426907015,1.0926421030962141,0
37.728416310462265,27.81002903772886,7.02540501534807,1
43.48273386037462,14.893834570658992,5.047955983045282,0
63.347821982614725,19.26976577715682,7.542482596820808,1
89.26717110769748,6.0744168049571226,0.546344200009723,1
74.82596903836584,21.919515307177384,3.1334791758514315,1
19.068772066366655,7.567230605200848,5.059579077349317,0
60.67150463828559,8.896067438629657,9.601356044054473,1
89.0527280739895,22.658112614904237,3.6005046590097836,1
8.534966807864386,3.645041289027542,7.875490858587792,1
13.401522845064074,18.32942966552975,5.225765993367451,0
4.696596677505505,12.63744159882216,8.616909037873452,1
92.65876251614944,19.25914501329798,6.034930960433787,1
87.21239089441515,2.543760481374097,5.93560935378786,1
32.518332202674706,14.022045337496092,4.9781250803429025,0
91.48643902204485,23.12765533932156,5.828068350834896,1
15.436271527420232,28.893453347675216,7.739913781527625,1
72.82163486118596,0.8774184910367744,7.4882633696330645,1
83.83287047111378,14.576152775589769,8.04437207679505,1
80.83973481164611,20.888663276344193,3.495063720868188,1
95.40510272587224,21.27138785167298,6.585405156700549,1
67.75643618422824,18.507807551272265,6.8632719668609745,1
43.16595462296794,2.6292824029151562,7.675676285179183,1
72.22669318556592,2.975342987616477,3.321910331156046,1
47.206694510999924,13.8161849182242,0.3892996332566745,0
99.68742518459473,5.924114695798119,2.5100138326230024,1
20.64212717606032,23.658448940172192,7.59005282521931,1
52.30654247691193,12.782501516711145,9.57789800988204,1
49.379559636439076,5.295840960165248,7.9285441903383935,1
1.4544665667881929,8.244181066444083,0.7290183536790351,0
94.04585843529144,26.058695038668322,7.945782787001903,1
74.76093801762511,23.079146809240193,1.9583308413427003,1
86.23637087467452,6.50219400272327,2.260289978159997,1
32.367923640424365,5.245158817812376,5.309376784120938,0
11.752624677710488,11.815932169624755,9.938483888996982,1
56.093797153538624,26.526193900452235,9.476880259644707,1
9.944139275934516,21.793851453390147,8.108785810079183,1
10.147154286603211,20.498861298195155,2.8003732955048943,0
37.201808579278314,5.092737152626222,4.305293384622075,0
1.8110183820840509,1.250187018071528,4.369958856656209,0
42.89940273750184,7.461428177628897,0.2544775990575088,0
76.24586857406905,22.120712321633988,5.296597239456199,1
50.21950103312426,26.607747006278085,5.640740288335177,1
74.64914051180241,20.414979062241393,2.8152119841492995,1
15.601864044243651,24.196834435843492,2.71949726128631,0
34.20817487159075,11.27664855437308,5.006035711547075,0
21.144800699654464,15.628739318161266,7.818238633449356,1
25.788768543320227,1.9456078344890504,3.9319520102792227,0
62.79003894909078,15.988733596540058,2.4682386920190225,1
43.91349085702184,11.032780526318689,9.627683502532062,1
11.355759219962902,24.179776493254742,0.7764933467160506,0
84.1828776758272,1.8687539439018808,3.029157288331926,1
66.8643219924431,24.67441690903083,3.7909404867193617,1
2.541912674409519,23.3875342070026,7.979141596158941,1
42.4130671302386,10.491096892375486,5.214596387214719,0
79.52673118598902,29.900905615589302,2.282353634936991,1
62.20867002278735,25.883912326296855,4.764369863437916,1
38.92016787341631,25.325113469075912,3.6459372819754,1
30.952761628632775,0.7692619741930706,5.735289514555733,0
52.00680211778108,0.7320234466961406,7.078350972297686,1
6.505159298527952,6.900265118631092,4.639324866883362,0
64.11476328852973,25.22614738277768,2.0918546540792784,1
63.22642879195304,6.7384683553155575,3.717240664023432,1
64.20316461542878,22.74789587787068,9.768003285106593,1
94.29097039125192,20.497762909787877,7.193536223691586,1
51.42344384136116,25.33648195605211,9.812970904972467,1
23.10747965880714,20.66655906150272,3.3156469906719375,0
79.48113035416485,26.822976110374032,7.431931987316034,1
89.02637838909163,13.46080867867592,3.753299079196019,1
12.748866233198243,26.76254066820703,8.069654908839937,1
81.44684825889358,10.777001081992971,4.4641951640158215,1
28.65412521282844,0.9960932637409969,4.820410581120825,0
67.25184560770384,13.565970848503058,0.3095579091934353,1
41.03968269896615,23.70091308921184,8.902150026361744,1
41.26176769114265,2.20490241990038,1.6686020169875282,0
18.188008439914483,3.851828683623757,5.525009674078891,0
97.43948076661665,11.393573405376895,9.807393435834294,1
36.3629602379294,14.417597319799441,1.8741194409758222,0
82.87375091519293,23.048202415935545,8.064036172328395,1
96.98788267076391,22.153476277539795,9.640288471655138,1
67.91023191444896,24.782028907575853,5.0040114571020125,1
0.6952130531190703,11.18065551036942,8.81927758304644,1
59.507793070025485,7.778902765973212,8.389973277180108,1
59.41307153521351,1.8080217086868255,6.92532431537108,1
58.05883502780434,27.842509209781493,7.61007923495392,1
24.534910968132095,25.194068569068516,3.356104542698427,1
28.093450968738075,12.640710068312105,0.5195657755426841,0
12.466268120326685,7.951392849750121,6.666004790466192,0
18.182496720710063,21.167255175470654,5.324206822752171,0
67.21355474058785,4.7581531587922115,1.419719897609939,1
12.203823484477883,16.184738771260115,8.506160578411379,1
27.738118298113267,6.8180888178945445,7.617981913776973,1
28.185477477339994,17.78852554304782,7.983803405183525,1
55.52008115994623,2.0351117731551573,7.660647765353026,1
74.3946292572677,14.647234110653345,4.4767342541041835,1
32.539969815926774,2.471431368475281,8.29394664858847,1
58.62298320167972,22.123013061644567,9.81143731791822,1
93.9498941564189,28.172030955386884,1.6577454016327575,1
2.709599250348349,8.926453539564617,5.911303032585165,0
70.36578593800236,20.40684727293874,3.690530217609166,1
90.6472110964547,22.80869469366405,8.111237699334708,1
73.08674752036443,7.175403126477768,0.23594964645529126,1
57.44731131799119,20.76484025082396,3.980052929545028,1
52.224326005480435,6.004507327344303,0.07664032649225327,1
5.182353682242691,12.97493634990396,9.760138232792135,1
38.50977286019253,14.445670545376503,9.096268194365924,1
13.97723766262895,15.28266384449369,0.6569485895436578,0
64.92103021160635,19.536989311244763,8.80314762148927,1
49.262510429085914,27.928460865209335,1.391967013456955,1
91.73135754622427,28.698438632503738,1.5727320817971535,1
51.88380571260721,29.035801045350915,7.716269109786077,1
52.439026932758004,5.322863084091206,9.504591705752958,1
29.359184426449335,8.749877361279097,5.123637775457906,0
8.413996499504883,0.7376074937640453,1.1072059332631567,0
63.23058305935795,3.866096024203356,6.2092856747843115,1
40.3482866212397,6.361345197246799,9.551152072917015,1
16.36559428657045,18.456583146930328,4.840770697102016,0
90.25529066795667,5.02857648864953,0.7171188884765101,1
33.660427819392055,9.354483992557787,1.2555021476265338,0
7.379656473539886,24.23537825823776,1.3065234382346291,0
0.4632023004602859,3.641592544782193,2.286767796036088,0
84.64522917345182,23.550496315111708,2.74703815047892,1
24.929222914887493,5.216857476584619,3.1676167706752665,0
58.991768685463306,12.712147609462885,2.9529049404794327,1
80.6834739267264,13.613686241509178,6.884050184921369,1
95.07143064099162,16.257028421350743,2.469787990719998,1
91.4298806560499,24.75148230540186,5.8377278051411166,1
10.65982531337718,13.74560660213678,7.0487101004338175,1
21.296416150891073,7.106116769234462,7.070864772666981,1
86.31034258755935,23.59035043246656,0.2716742122555982,1
0.9197051616629648,23.112222534233798,9.180765521991507,1
96.56320330745594,2.3085960488762747,6.085272726964666,1
14.991742734877377,9.462206872440381,4.328160022094693,0
94.9799913291924,18.23715278380334,8.469688542070605,1
88.77041827582998,28.55435356269717,9.559188289553193,1
11.119748230615134,0.9116117909051058,5.80467600993696,0
96.11905638239142,21.474748940462657,1.2300329512374564,1
71.3244787222995,19.489399469771055,9.644766539008117,1
9.783416065100148,0.9195750661741819,4.1894779018747546,0
89.63358185211197,5.640742038462484,2.8247242637000367,1
35.058755880659696,24.67842955541035,4.028732826326371,0
61.585009805221645,12.76480003344226,6.6857264672291405,1
22.92513952326415,20.644041182596265,0.4389994264300512,0
95.39285770025873,23.297905583752254,0.34670266726483323,1
21.233911067827616,1.182804341055177,1.3924537111759516,0
69.59742060936979,19.30733085589575,1.3148911989798162,1
16.893506307216455,5.756019741562287,6.2955769689173655,0
17.743954377972283,3.926209821550495,6.010741668002329,0
91.32405525564712,1.1885647604507144,6.522242595454725,1
32.07800649717358,24.964025338732256,6.3414213829573685,0
1.3094456588333636,11.1650107151254,3.9245818622948003,0
27.21451372299627,18.30675448432924,5.527070757185452,0
59.359245355404866,3.8314045090570445,9.567998154842861,1
5.476163882203133,18.739907065627914,0.09038469079292177,0
58.43143119231002,9.737574897008109,4.626756050653935,1
33.424389081696084,5.583042535388319,4.376613281482035,0
68.47311725538793,11.405868563575712,2.004745155284028,1
45.24395161326934,18.056447689089662,6.62434011701068,0
37.01587002554444,25.343496843506628,9.954375161913099,1
39.22440450997323,20.026496978744113,2.3238432305604784,0
15.615259736619036,16.26711616475545,4.763357333010988,0
13.637147558676975,23.415765457315853,0.5022601146397376,0
57.161268946989985,27.68271571540183,1.2436839900051022,1
24.18522909004517,21.24516265935845,6.649849034759953,0
25.179905890695274,13.844323938742026,9.811925291641158,1
48.114010185481746,16.48588607685051,7.729214818761151,1
99.29647961193004,20.02780156690754,8.69969159647685,1
25.790282704493983,29.268306025797447,8.354802257421944,1
61.34151959357899,24.389572161482803,0.6245759361907144,1
4.522728891053807,14.396268609117266,6.509734671509541,0
52.77011090862999,9.810994846897161,5.333866287653626,1
70.40797680992236,10.602641379081543,7.945155444907487,1
3.654966784809488,22.65125786238835,2.208527829630089,0
54.35528611139886,7.794396262351027,1.4696270958820967,1
85.11366715168569,3.519245668871834,6.692002629380784,1
13.949386065204184,8.920470221176522,5.60168183461842,0
96.26484146779251,24.51893309887481,7.022587660316643,1
11.881791626807193,19.766564106979715,4.017788006543243,0
36.77831327192532,24.77450251694288,6.511475848816741,0
79.82951789667752,7.261350475875824,7.435939161765598,1
38.31385282494975,27.99339994030673,6.945954272532854,1
89.72157579533267,17.465113805288198,9.071950307058298,1
80.34809303848486,9.755701926740846,5.821987465941138,1
73.64442356247228,23.239605935435456,9.773079079915037,1
57.34378881232861,1.7126056826794456,0.27536719869465487,1
62.013259780153675,11.197553748880203,2.0322309108608727,1
43.385164923797305,21.81507209298924,3.547712918359842,0
82.12573046720128,11.834288357101059,6.796203327351078,1
79.51861947687037,10.183505776284182,1.138383934766014,1
98.65152487929797,15.470382830894934,8.80156737921485,1
41.7411003148779,21.70260341065755,1.6223340578247936,0
23.72267917359945,14.908904487174908,6.778132003100442,0
27.074467314355378,6.405340989320157,9.464565131504054,1
10.789142699330444,10.503757775001903,3.959704726624549,0
9.44429607559284,25.631552801087373,6.924928266692253,1
63.75574713552131,5.0110183827622565,6.5678010472429404,1
5.630327568183735,6.470254571931515,4.888978317924514,0
35.597267865126156,16.660906528128937,2.5760722033372185,0
71.2179221347536,20.81046677344466,7.266709920703232,1
28.571208628186074,29.31522552663952,3.951377432643186,1
89.60912999234932,28.6695449468926,5.052067735766382,1
87.35786241067773,9.990057391745937,3.162701497293068,1
61.18528947223795,20.922608017405196,9.633944342135504,1
53.258943255158584,28.9746648345966,5.212960476541389,1
19.87156815341724,7.008232531497298,5.193858595039373,0
41.038292303562976,11.887260567079762,8.57179256998753,1
80.93611554785136,20.849456583796275,1.0422480280834767,1
77.55276166950105,23.293423394991738,8.667703545060002,1
70.096913145912,0.8992076961803386,3.8948189490242036,1
31.435598107632668,26.51357654890277,1.57954822835348,1
